{"name": "student 2", "questions": {"1": {"score": 0, "evalConf": 0.2751023935076685}, "2": {"score": 1, "evalConf": 0.9775833007510478}, "3": {"score": 0, "evalConf": 0.09525793423098972}, "4": {"score": 0, "evalConf": 0.5207109240725983}, "5": {"score": 1, "evalConf": 0.4206543425768666}, "6": {"score": 1, "evalConf": 0.9757343106769553}, "7": {"score": 0, "evalConf": 0.36641826095052255}, "8": {"score": 0, "evalConf": 0.698440566564696}, "9": {"score": 0, "evalConf": 0.7108725159169706}, "10": {"score": 1, "evalConf": 0.4554948044161041}}}