{"name": "student 9", "questions": {"1": {"score": 0, "evalConf": 0.39590997404278605}, "2": {"score": 1, "evalConf": 0.4139534436490765}, "3": {"score": 1, "evalConf": 0.7300429886241236}, "4": {"score": 0, "evalConf": 0.914095851548733}, "5": {"score": 1, "evalConf": 0.09366076019296332}, "6": {"score": 0, "evalConf": 0.23388662891996015}, "7": {"score": 0, "evalConf": 0.3918463951571156}, "8": {"score": 1, "evalConf": 0.2096326375999501}, "9": {"score": 0, "evalConf": 0.7239292349246296}, "10": {"score": 0, "evalConf": 0.4277705897594576}}}