{"name": "student 4", "questions": {"1": {"score": 1, "evalConf": 0.8629152653590698}, "2": {"score": 1, "evalConf": 0.16579973183876562}, "3": {"score": 1, "evalConf": 0.18060442299318336}, "4": {"score": 1, "evalConf": 0.1820798813989455}, "5": {"score": 0, "evalConf": 0.031145977825582594}, "6": {"score": 1, "evalConf": 0.8523794352509815}, "7": {"score": 0, "evalConf": 0.19455817313349832}, "8": {"score": 1, "evalConf": 0.20501904642299285}, "9": {"score": 0, "evalConf": 0.10540025637698291}, "10": {"score": 1, "evalConf": 0.8156616130176814}}}