{"name": "student 0", "questions": {"1": {"score": 0, "evalConf": 0.5002783014578952}, "2": {"score": 1, "evalConf": 0.007944144831045552}, "3": {"score": 1, "evalConf": 0.5361273605791531}, "4": {"score": 0, "evalConf": 0.9697539436181835}, "5": {"score": 0, "evalConf": 0.6582214373255166}, "6": {"score": 1, "evalConf": 0.5467753004661603}, "7": {"score": 0, "evalConf": 0.13898225200779446}, "8": {"score": 1, "evalConf": 0.9004119100643593}, "9": {"score": 1, "evalConf": 0.16182404826186747}, "10": {"score": 1, "evalConf": 0.5924645872979689}}}