{"name": "student 8", "questions": {"1": {"score": 0, "evalConf": 0.2982387500234518}, "2": {"score": 1, "evalConf": 0.27944488128741984}, "3": {"score": 1, "evalConf": 0.12056597615629128}, "4": {"score": 0, "evalConf": 0.06595304092909315}, "5": {"score": 0, "evalConf": 0.23591550979161513}, "6": {"score": 1, "evalConf": 0.5563732137321127}, "7": {"score": 1, "evalConf": 0.5337990645961398}, "8": {"score": 0, "evalConf": 0.7502074004572548}, "9": {"score": 1, "evalConf": 0.09496096743735705}, "10": {"score": 0, "evalConf": 0.11771775151773378}}}