{"name": "student 1", "questions": {"1": {"score": 1, "evalConf": 0.20462732635604852}, "2": {"score": 1, "evalConf": 0.19011996936957787}, "3": {"score": 0, "evalConf": 0.2438896478381125}, "4": {"score": 1, "evalConf": 0.5765674736668591}, "5": {"score": 1, "evalConf": 0.3690511876598159}, "6": {"score": 1, "evalConf": 0.5855448848054601}, "7": {"score": 1, "evalConf": 0.35991204621690154}, "8": {"score": 1, "evalConf": 0.3838568288988061}, "9": {"score": 0, "evalConf": 0.26896823639259615}, "10": {"score": 1, "evalConf": 0.6400308878929647}}}