{"name": "student 6", "questions": {"1": {"score": 1, "evalConf": 0.36032902036312786}, "2": {"score": 0, "evalConf": 0.18579084645298793}, "3": {"score": 0, "evalConf": 0.17384454818095152}, "4": {"score": 0, "evalConf": 0.7608769087155163}, "5": {"score": 0, "evalConf": 0.6832798273717032}, "6": {"score": 0, "evalConf": 0.6924302600015536}, "7": {"score": 1, "evalConf": 0.5109997172577846}, "8": {"score": 0, "evalConf": 0.11031623006375335}, "9": {"score": 0, "evalConf": 0.9760600555701822}, "10": {"score": 1, "evalConf": 0.7329420274891911}}}