{"name": "student 3", "questions": {"1": {"score": 0, "evalConf": 0.45394865333161394}, "2": {"score": 0, "evalConf": 0.6854179983901185}, "3": {"score": 1, "evalConf": 0.1569024565217052}, "4": {"score": 0, "evalConf": 0.9887414279908182}, "5": {"score": 1, "evalConf": 0.7180252332212428}, "6": {"score": 1, "evalConf": 0.3987145622584217}, "7": {"score": 0, "evalConf": 0.7831074328704459}, "8": {"score": 0, "evalConf": 0.4737161674471887}, "9": {"score": 1, "evalConf": 0.2433081640454321}, "10": {"score": 0, "evalConf": 0.8852158935329874}}}