{"name": "student 5", "questions": {"1": {"score": 0, "evalConf": 0.7257961365393759}, "2": {"score": 1, "evalConf": 0.7517712910456527}, "3": {"score": 0, "evalConf": 0.5177879923169495}, "4": {"score": 0, "evalConf": 0.31302213589612604}, "5": {"score": 1, "evalConf": 0.8950078548072521}, "6": {"score": 0, "evalConf": 0.8843059591758059}, "7": {"score": 1, "evalConf": 0.6311305364367856}, "8": {"score": 1, "evalConf": 0.3983857801169056}, "9": {"score": 0, "evalConf": 0.6759037736137569}, "10": {"score": 0, "evalConf": 0.6078863859715703}}}