{"name": "student 7", "questions": {"1": {"score": 0, "evalConf": 0.8769519986708054}, "2": {"score": 0, "evalConf": 0.7054741922447536}, "3": {"score": 0, "evalConf": 0.8389135061924702}, "4": {"score": 0, "evalConf": 0.8986805665096681}, "5": {"score": 0, "evalConf": 0.7837037421767409}, "6": {"score": 0, "evalConf": 0.01351521298895264}, "7": {"score": 0, "evalConf": 0.6966208106509334}, "8": {"score": 1, "evalConf": 0.1471302652575448}, "9": {"score": 1, "evalConf": 0.8985941884228966}, "10": {"score": 0, "evalConf": 0.18710947697172586}}}